-- phpMyAdmin SQL Dump
-- version 5.2.1
-- https://www.phpmyadmin.net/
--
-- Host: 127.0.0.1
-- Generation Time: Jun 11, 2024 at 11:55 AM
-- Server version: 10.4.32-MariaDB
-- PHP Version: 8.0.30

SET SQL_MODE = "NO_AUTO_VALUE_ON_ZERO";
START TRANSACTION;
SET time_zone = "+00:00";


/*!40101 SET @OLD_CHARACTER_SET_CLIENT=@@CHARACTER_SET_CLIENT */;
/*!40101 SET @OLD_CHARACTER_SET_RESULTS=@@CHARACTER_SET_RESULTS */;
/*!40101 SET @OLD_COLLATION_CONNECTION=@@COLLATION_CONNECTION */;
/*!40101 SET NAMES utf8mb4 */;

--
-- Database: `pdc_db`
--

-- --------------------------------------------------------

--
-- Table structure for table `tbl_about_hero`
--

CREATE TABLE `tbl_about_hero` (
  `id` int(100) NOT NULL,
  `image_name` varchar(2000) NOT NULL,
  `file_path` varchar(1000) NOT NULL,
  `title` varchar(1000) NOT NULL,
  `status` enum('Published','Unpublish') NOT NULL,
  `updated` datetime(6) NOT NULL DEFAULT current_timestamp(6),
  `modified_by` varchar(1000) NOT NULL
) ENGINE=InnoDB DEFAULT CHARSET=latin1 COLLATE=latin1_swedish_ci;

--
-- Dumping data for table `tbl_about_hero`
--

INSERT INTO `tbl_about_hero` (`id`, `image_name`, `file_path`, `title`, `status`, `updated`, `modified_by`) VALUES
(13, 'slide1.jpg', '../../uploads/about/slide1.jpg', 'Hero Image 1', 'Published', '2024-06-06 10:25:13.000000', '2');

-- --------------------------------------------------------

--
-- Table structure for table `tbl_activity`
--

CREATE TABLE `tbl_activity` (
  `id` int(100) NOT NULL,
  `user_id` varchar(100) NOT NULL,
  `activity` varchar(2000) NOT NULL,
  `type` varchar(100) NOT NULL,
  `date_posted` datetime(6) NOT NULL DEFAULT current_timestamp(6)
) ENGINE=InnoDB DEFAULT CHARSET=latin1 COLLATE=latin1_swedish_ci;

--
-- Dumping data for table `tbl_activity`
--

INSERT INTO `tbl_activity` (`id`, `user_id`, `activity`, `type`, `date_posted`) VALUES
(1, '1', 'User logged in', 'Login', '2024-06-03 11:38:02.927539'),
(2, '1', 'User logged out', 'Logout', '2024-06-03 11:40:19.676112'),
(3, '1', 'User logged in', 'Login', '2024-06-03 11:40:28.239183'),
(4, '1', 'User logged out', 'Logout', '2024-06-03 11:41:31.010704'),
(5, '3', 'User logged in', 'Login', '2024-06-03 11:41:44.108646'),
(6, '3', 'User logged out', 'Logout', '2024-06-03 11:41:47.107103'),
(7, '1', 'User logged in', 'Login', '2024-06-03 11:42:58.818642'),
(8, '1', 'User logged out', 'Logout', '2024-06-03 12:03:38.109838'),
(9, '1', 'User logged in', 'Login', '2024-06-03 13:07:56.599668'),
(10, '1', 'Added new user id: #6 as hr', 'User', '2024-06-03 13:11:09.752593'),
(11, '1', 'Added new user id: #7 as marketing', 'User', '2024-06-03 13:24:57.302664'),
(12, '1', 'User logged out', 'Logout', '2024-06-03 14:22:10.000995'),
(13, '1', 'User logged in', 'Login', '2024-06-03 14:22:21.635221'),
(14, '1', 'Added new outlet : Verdant, id: #4', 'Outlet', '2024-06-03 14:54:32.862454'),
(15, '1', 'User logged in', 'Login', '2024-06-04 08:56:35.048326'),
(16, '1', 'Added new outlet : Northgate, id: #5', 'Outlet', '2024-06-04 09:49:21.711071'),
(17, '1', 'User logged out', 'Logout', '2024-06-04 09:55:30.450850'),
(18, '1', 'User logged in', 'Login', '2024-06-04 10:06:10.429750'),
(19, '1', 'User logged out', 'Logout', '2024-06-04 10:06:24.260746'),
(20, '2', 'User logged in', 'Login', '2024-06-04 10:06:34.807547'),
(21, '2', 'User logged out', 'Logout', '2024-06-04 10:42:34.796088'),
(22, '2', 'User logged in', 'Login', '2024-06-04 10:42:40.338843'),
(23, '2', 'User logged in', 'Login', '2024-06-05 09:00:00.952990'),
(24, '2', 'Added new image: slide4.jpg in home hero section', 'Content', '2024-06-05 09:05:12.945474'),
(25, '2', 'Added new image: slide4.jpg in home hero section', 'Content', '2024-06-05 11:55:03.801362'),
(26, '2', 'Updated hero section in Home page with ID 9', 'Content', '2024-06-05 14:04:07.129143'),
(27, '2', 'Updated hero section in Home page with ID 8', 'Content', '2024-06-05 14:04:56.280565'),
(28, '2', 'Added new image: slide3.jpg titled: Hero Image 3 in home hero section', 'Content', '2024-06-05 14:11:47.411788'),
(29, '2', 'Added new image: slide6.jpg titled: Hero Image 4 in home hero section', 'Content', '2024-06-05 14:13:31.844801'),
(30, '2', 'Added new image: slide2.jpg titled: Hero Image 5 in home hero section', 'Content', '2024-06-05 15:57:16.454806'),
(31, '2', 'Updated hero section in Home page with ID 12', 'Content', '2024-06-05 16:18:13.338013'),
(32, '2', 'Updated hero section in Home page with ID 12', 'Content', '2024-06-05 16:18:31.938943'),
(33, '2', 'Updated hero section in Home page with ID 12', 'Content', '2024-06-05 16:20:15.494926'),
(34, '2', 'Updated hero section in Home page with ID 12', 'Content', '2024-06-05 16:20:27.335599'),
(35, '2', 'Updated hero section in Home page with ID 12', 'Content', '2024-06-05 16:20:37.671996'),
(36, '2', 'Updated hero section in Home page with ID 12', 'Content', '2024-06-05 16:23:26.103670'),
(37, '2', 'Updated hero section in Home page with ID 12', 'Content', '2024-06-05 16:25:21.675485'),
(38, '2', 'Updated hero section in Home page with ID 12', 'Content', '2024-06-05 16:25:31.229685'),
(39, '2', 'Updated hero section in Home page with ID 12', 'Content', '2024-06-05 17:12:55.583188'),
(40, '2', 'Updated hero section in Home page with ID 12', 'Content', '2024-06-05 17:13:06.643465'),
(41, '2', 'Updated hero section in Home page with ID 12', 'Content', '2024-06-05 17:13:21.626653'),
(42, '2', 'Added new image: slide1.jpg titled: Hero Image 1 in about hero section', 'Content', '2024-06-05 17:57:47.573159'),
(43, '2', 'User logged out', 'Logout', '2024-06-05 18:16:22.072511'),
(44, '2', 'User logged in', 'Login', '2024-06-06 09:11:48.120474'),
(47, '2', 'Updated hero section in About page with ID 13', 'Content', '2024-06-06 10:24:23.519136'),
(48, '2', 'Updated hero section in About page with ID 13', 'Content', '2024-06-06 10:25:13.766507'),
(49, '2', 'Added new image: filipino-workers.jpg titled: Hero Image 1 in careers hero section', 'Content', '2024-06-06 10:52:32.915613'),
(50, '2', 'Updated hero section in careers page with ID 14', 'Content', '2024-06-06 11:09:57.219728'),
(51, '2', 'Updated hero section in careers page with ID 14', 'Content', '2024-06-06 11:10:05.970564'),
(52, '2', 'Updated hero section in careers page with ID 14', 'Content', '2024-06-06 11:11:16.842940'),
(53, '2', 'Updated hero section in careers page with ID 14', 'Content', '2024-06-06 11:11:29.933612'),
(54, '2', 'Added new image: empowering-leadership.jpg titled: Empowering Leadership in careers wylwwu section', 'Content', '2024-06-06 14:02:47.631301'),
(55, '2', 'Added new image: visionary-teams.jpg titled: Visionary Teams in careers wylwwu section', 'Content', '2024-06-06 14:06:00.383597'),
(56, '2', 'Added new image: pathways-to-growth.jpg titled: Pathways to Growth in careers wylwwu section', 'Content', '2024-06-06 14:06:29.912061'),
(57, '2', 'Updated wylwwu section in careers page with ID 17', 'Content', '2024-06-06 14:31:59.227528'),
(58, '2', 'Updated wylwwu section in careers page with ID 17', 'Content', '2024-06-06 14:32:12.209727'),
(59, '2', 'Updated wylwwu section in careers page with ID 17', 'Content', '2024-06-06 14:32:18.161294'),
(60, '2', 'User logged out', 'Logout', '2024-06-06 14:37:57.022897'),
(61, '1', 'User logged in', 'Login', '2024-06-06 14:38:04.525124'),
(62, '1', 'User logged out', 'Logout', '2024-06-06 14:39:19.229240'),
(63, '2', 'User logged in', 'Login', '2024-06-06 14:40:56.541663'),
(64, '2', 'Updated wylwwu section in careers page with ID 17', 'Content', '2024-06-06 15:38:54.772151'),
(65, '2', 'Updated wylwwu section in careers page with ID 17', 'Content', '2024-06-06 15:39:08.976628'),
(66, '2', 'Added new image: slide-1.jpg titled: Hero Image 1 in promo hero section', 'Content', '2024-06-06 17:40:14.239877'),
(67, '2', 'User logged in', 'Login', '2024-06-07 09:00:28.281805'),
(68, '2', 'Added new image: slide-2.jpg titled: Hero Image 2 in promo hero section', 'Content', '2024-06-07 09:01:13.232983'),
(69, '2', 'Added new image: slide-3.jpg titled: Hero Image 3 in promo hero section', 'Content', '2024-06-07 09:01:26.562834'),
(70, '2', 'Added new image: BEARY IN LOVE.png title: BEARY IN LOVE in promo', 'Content', '2024-06-07 11:13:21.338269'),
(71, '2', 'Added new image: EASTER MUNCHKIN DEAL.png title: EASTER MUNCHKIN DEAL in promo', 'Content', '2024-06-07 11:31:13.679396'),
(72, '2', 'Added new image: SUMMER DELIGHT PROMO.png title: SUMMER DELIGHT PROMO in promo', 'Content', '2024-06-07 11:32:04.397701'),
(73, '2', 'Updated promo page with ID 20', 'Content', '2024-06-07 11:54:32.547601'),
(74, '2', 'Updated promo page with ID 20', 'Content', '2024-06-07 11:54:36.843177'),
(75, '2', 'Updated promo page with ID 20', 'Content', '2024-06-07 11:56:56.001052'),
(76, '2', 'Updated promo page with ID 20', 'Content', '2024-06-07 11:57:04.910660'),
(77, '2', 'Updated promo page with ID 18', 'Content', '2024-06-07 13:00:28.111102'),
(78, '2', 'User logged out', 'Logout', '2024-06-07 15:34:08.222949'),
(79, '1', 'User logged in', 'Login', '2024-06-07 15:34:27.905169'),
(80, '1', 'Added new outlet: Southville, id: #7', 'Outlet', '2024-06-07 15:37:33.969182'),
(81, '1', 'User logged out', 'Logout', '2024-06-07 17:27:29.748618'),
(82, '6', 'User logged in', 'Login', '2024-06-10 08:55:59.417652'),
(83, '6', 'Added IT Specialist as new career', 'Career', '2024-06-10 10:35:52.920564'),
(84, '6', 'Added Store Manager as new career', 'Career', '2024-06-10 10:37:00.883871'),
(85, '6', 'Added Service Crew - Dunkin\' as new career', 'Career', '2024-06-10 10:42:28.404646'),
(86, '6', 'Added Marketing Staff as new career', 'Career', '2024-06-10 10:44:40.700718'),
(87, '6', 'Updated career ID 3', 'Career', '2024-06-10 17:01:02.170500'),
(88, '6', 'Updated career ID 3', 'Career', '2024-06-10 17:01:29.491566'),
(89, '6', 'User logged in', 'Login', '2024-06-11 09:35:53.587121'),
(90, '6', 'User logged out', 'Logout', '2024-06-11 11:33:38.403203'),
(91, '6', 'User logged in', 'Login', '2024-06-11 14:16:00.457205'),
(92, '6', 'User logged out', 'Logout', '2024-06-11 16:56:03.838917'),
(93, '1', 'User logged in', 'Login', '2024-06-11 16:56:11.042298');

-- --------------------------------------------------------

--
-- Table structure for table `tbl_applicants`
--

CREATE TABLE `tbl_applicants` (
  `id` int(100) NOT NULL,
  `fullname` varchar(1000) NOT NULL,
  `email` varchar(100) NOT NULL,
  `contact` varchar(100) NOT NULL,
  `cover` longtext NOT NULL,
  `status` varchar(100) NOT NULL,
  `date_applied` datetime(6) NOT NULL DEFAULT current_timestamp(6),
  `doc` varchar(1000) NOT NULL
) ENGINE=InnoDB DEFAULT CHARSET=latin1 COLLATE=latin1_swedish_ci;

--
-- Dumping data for table `tbl_applicants`
--

INSERT INTO `tbl_applicants` (`id`, `fullname`, `email`, `contact`, `cover`, `status`, `date_applied`, `doc`) VALUES
(1, 'Andrew Siruma', 'andrew@sample.com', '09121231234', 'Lorem ipsum dolor sit amet, consectetur adipiscing elit, sed do eiusmod tempor incididunt ut labore et dolore magna aliqua. Ut enim ad minim veniam, quis nostrud exercitation ullamco laboris nisi ut aliquip ex ea commodo consequat. Duis aute irure dolor in reprehenderit in voluptate velit esse cillum dolore eu fugiat nulla pariatur. Excepteur sint occaecat cupidatat non proident, sunt in culpa qui officia deserunt mollit anim id est laborum.', 'Pending', '2024-06-11 13:55:56.174650', 'ComputerScienceResumedocx.pdf'),
(2, 'Andrew Siruma', 'andrew@sample.com', '09121231234', 'Lorem ipsum dolor sit amet, consectetur adipiscing elit, sed do eiusmod tempor incididunt ut labore et dolore magna aliqua. Ut enim ad minim veniam, quis nostrud exercitation ullamco laboris nisi ut aliquip ex ea commodo consequat. Duis aute irure dolor in reprehenderit in voluptate velit esse cillum dolore eu fugiat nulla pariatur. Excepteur sint occaecat cupidatat non proident, sunt in culpa qui officia deserunt mollit anim id est laborum.', 'Pending', '2024-06-11 14:15:39.070726', '6667eb8b1123b_ComputerScienceResumedocx.pdf');

-- --------------------------------------------------------

--
-- Table structure for table `tbl_careers_hero`
--

CREATE TABLE `tbl_careers_hero` (
  `id` int(100) NOT NULL,
  `image_name` varchar(2000) NOT NULL,
  `file_path` varchar(1000) NOT NULL,
  `title` varchar(1000) NOT NULL,
  `status` enum('Published','Unpublish') NOT NULL,
  `updated` datetime(6) NOT NULL DEFAULT current_timestamp(6),
  `modified_by` varchar(1000) NOT NULL
) ENGINE=InnoDB DEFAULT CHARSET=latin1 COLLATE=latin1_swedish_ci;

--
-- Dumping data for table `tbl_careers_hero`
--

INSERT INTO `tbl_careers_hero` (`id`, `image_name`, `file_path`, `title`, `status`, `updated`, `modified_by`) VALUES
(14, 'filipino-workers.jpg', '../../uploads/careers/filipino-workers.jpg', 'Hero Image 1', 'Published', '2024-06-06 11:15:32.000000', '2');

-- --------------------------------------------------------

--
-- Table structure for table `tbl_careers_wylwwu`
--

CREATE TABLE `tbl_careers_wylwwu` (
  `id` int(100) NOT NULL,
  `image_name` varchar(2000) NOT NULL,
  `file_path` varchar(1000) NOT NULL,
  `title` varchar(1000) NOT NULL,
  `description` longtext NOT NULL,
  `status` enum('Published','Unpublish') NOT NULL,
  `updated` datetime(6) NOT NULL DEFAULT current_timestamp(6),
  `modified_by` varchar(5000) NOT NULL
) ENGINE=InnoDB DEFAULT CHARSET=latin1 COLLATE=latin1_swedish_ci;

--
-- Dumping data for table `tbl_careers_wylwwu`
--

INSERT INTO `tbl_careers_wylwwu` (`id`, `image_name`, `file_path`, `title`, `description`, `status`, `updated`, `modified_by`) VALUES
(15, 'empowering-leadership.jpg', '../../uploads/careers/empowering-leadership.jpg', 'Empowering Leadership', 'At Panda Development Corporation, our leadership empowers you to take initiative and make impactful decisions. We foster a culture of trust and collaboration, ensuring every team member feels valued and supported in their role.', 'Published', '2024-06-06 14:02:47.000000', '2'),
(16, 'visionary-teams.jpg', '../../uploads/careers/visionary-teams.jpg', 'Visionary Teams', 'Join our visionary teams at Panda Development Corporation, where innovative thinking and teamwork drive our success. You\'ll work alongside passionate professionals dedicated to delivering excellence and achieving common goals.', 'Published', '2024-06-06 15:39:28.000000', '2'),
(17, 'pathways-to-growth.jpg', '../../uploads/careers/pathways-to-growth.jpg', 'Pathways to Growth', 'We believe in your potential and provide clear pathways to growth within Panda Development Corporation. With ongoing training, mentorship, and career advancement opportunities, you can build a fulfilling and dynamic career with us.', 'Published', '2024-06-06 15:39:08.000000', '2');

-- --------------------------------------------------------

--
-- Table structure for table `tbl_home_hero`
--

CREATE TABLE `tbl_home_hero` (
  `id` int(100) NOT NULL,
  `image_name` varchar(2000) NOT NULL,
  `file_path` varchar(1000) NOT NULL,
  `title` varchar(1000) NOT NULL,
  `status` enum('Published','Unpublish') NOT NULL,
  `created` datetime(6) NOT NULL DEFAULT current_timestamp(6),
  `uploaded_by` varchar(1000) NOT NULL,
  `updated` datetime(6) NOT NULL DEFAULT current_timestamp(6),
  `modified_by` varchar(1000) NOT NULL
) ENGINE=InnoDB DEFAULT CHARSET=latin1 COLLATE=latin1_swedish_ci;

--
-- Dumping data for table `tbl_home_hero`
--

INSERT INTO `tbl_home_hero` (`id`, `image_name`, `file_path`, `title`, `status`, `created`, `uploaded_by`, `updated`, `modified_by`) VALUES
(8, 'slide5.jpg', '../../uploads/home/slide5.jpg', 'Hero Image 2', 'Published', '2024-06-05 09:05:12.000000', '2', '2024-06-05 18:08:09.000000', '2'),
(9, 'slide4.jpg', '../../uploads/home/slide4.jpg', 'Hero Image 1', 'Published', '2024-06-05 11:55:03.000000', '2', '2024-06-05 18:08:08.000000', '2'),
(10, 'slide3.jpg', '../../uploads/home/slide3.jpg', 'Hero Image 3', 'Published', '2024-06-05 14:11:47.000000', '2', '2024-06-06 11:22:28.000000', '2'),
(11, 'slide6.jpg', '../../uploads/home/slide6.jpg', 'Hero Image 4', 'Published', '2024-06-05 14:13:31.000000', '2', '2024-06-05 18:07:56.000000', '2'),
(12, 'slide2.jpg', '../../uploads/home/slide2.jpg', 'Hero Image 5', 'Unpublish', '2024-06-05 15:57:16.000000', '2', '2024-06-05 17:13:21.000000', '2');

-- --------------------------------------------------------

--
-- Table structure for table `tbl_opportunities`
--

CREATE TABLE `tbl_opportunities` (
  `id` int(100) NOT NULL,
  `name` varchar(1000) NOT NULL,
  `description` varchar(2000) NOT NULL,
  `type1` varchar(100) NOT NULL DEFAULT 'On Site',
  `type2` varchar(100) NOT NULL DEFAULT 'Full-time',
  `status` enum('Posted','Unposted') NOT NULL,
  `created` datetime(6) NOT NULL DEFAULT current_timestamp(6)
) ENGINE=InnoDB DEFAULT CHARSET=latin1 COLLATE=latin1_swedish_ci;

--
-- Dumping data for table `tbl_opportunities`
--

INSERT INTO `tbl_opportunities` (`id`, `name`, `description`, `type1`, `type2`, `status`, `created`) VALUES
(1, 'IT Specialist', 'We\'re looking for an experienced IT Specialist to join our team.', 'On site', 'Full-time', 'Posted', '2024-06-10 10:35:52.000000'),
(2, 'Store Manager', 'We\'re looking for a Store Manager to join our team.', 'On site', 'Full-time', 'Posted', '2024-06-10 10:37:00.000000'),
(3, 'Service Crew - Dunkin\'', 'We\'re looking for a Service Crew to join our team.', 'On Site', 'Full-time', 'Posted', '2024-06-10 10:42:28.000000'),
(4, 'Marketing Staff', 'We\'re looking for a Marketing Staff to join our team.', 'On site', 'Full-time', 'Posted', '2024-06-10 10:44:40.000000');

-- --------------------------------------------------------

--
-- Table structure for table `tbl_outlet`
--

CREATE TABLE `tbl_outlet` (
  `id` int(100) NOT NULL,
  `store_name` varchar(100) DEFAULT NULL,
  `short_name` varchar(100) DEFAULT NULL,
  `address` varchar(1000) DEFAULT NULL,
  `status` enum('Active','Closed') NOT NULL,
  `updated` datetime(6) NOT NULL DEFAULT current_timestamp(6),
  `created` datetime(6) NOT NULL DEFAULT current_timestamp(6),
  `image_path` varchar(255) DEFAULT NULL,
  `image_name` varchar(1000) NOT NULL
) ENGINE=InnoDB DEFAULT CHARSET=latin1 COLLATE=latin1_swedish_ci;

--
-- Dumping data for table `tbl_outlet`
--

INSERT INTO `tbl_outlet` (`id`, `store_name`, `short_name`, `address`, `status`, `updated`, `created`, `image_path`, `image_name`) VALUES
(1, 'Alabang Town Center', 'ATC', 'Alabang Town Center - Ground Level, Alabang Town Center, Alabang-Zapote Road, Alabang, Muntinlupa, Metro Manila', 'Active', '2024-06-03 09:41:52.000000', '2024-06-02 22:45:21.000000', '../../uploads/outlets/atc.png', 'atc.png'),
(2, 'Festival', 'FSI', 'Lower Ground Level, Festival Supermall, Corporate Ave. corner Civic Drive, Filinvest Corporate City, Alabang,Muntinlupa, Metro Manila', 'Active', '2024-06-11 16:56:41.000000', '2024-06-02 22:52:39.000000', '../../uploads/outlets/dunkin_store_clipart.png', 'dunkin_store_clipart.png'),
(3, 'Moonwalk', 'Moonwalk', '432 Alarang, Alabang–Zapote Rd, Talon 1, Las Piñas, Metro Manila.', 'Active', '2024-06-03 10:14:12.000000', '2024-06-03 10:14:12.000000', '../../uploads/outlets/moonwalk.png', 'moonwalk.png'),
(4, 'Verdant', 'Verdant', 'Unit Door A8 Santiagel Building Verdant Avenue Corner Alabang Zapote Road Barangay Pamplona Tres, Las Piñas, Metro Manila.', 'Active', '2024-06-03 14:54:32.000000', '2024-06-03 14:54:32.000000', '../../uploads/outlets/verdant.png', 'verdant.png'),
(5, 'Northgate', 'Northgate', 'Northgate Ave, Fastbytes Northgate, Alabang, Muntinlupa, Metro Manila.', 'Active', '2024-06-04 09:49:21.000000', '2024-06-04 09:49:21.000000', '../../uploads/outlets/northgate.png', 'northgate.png'),
(7, 'Southville', 'Southville', 'Lot 1-A-A The Edge Building CAA Road (J. Aguilar Avenue) Pulang Lupa 2 1st District, Las Piñas, Metro Manila.', 'Active', '2024-06-07 15:51:28.000000', '2024-06-07 15:37:33.000000', '../../uploads/outlets/southville.png', 'southville.png');

-- --------------------------------------------------------

--
-- Table structure for table `tbl_promo`
--

CREATE TABLE `tbl_promo` (
  `id` int(100) NOT NULL,
  `image_name` varchar(2000) NOT NULL,
  `file_path` varchar(1000) NOT NULL,
  `title` varchar(1000) NOT NULL,
  `description` longtext NOT NULL,
  `promo_from` date NOT NULL,
  `promo_to` date NOT NULL,
  `status` enum('Posted','Unposted') NOT NULL,
  `created` datetime(6) NOT NULL DEFAULT current_timestamp(6),
  `uploaded_by` varchar(100) NOT NULL,
  `updated` datetime(6) NOT NULL DEFAULT current_timestamp(6),
  `modified_by` varchar(5000) NOT NULL
) ENGINE=InnoDB DEFAULT CHARSET=latin1 COLLATE=latin1_swedish_ci;

--
-- Dumping data for table `tbl_promo`
--

INSERT INTO `tbl_promo` (`id`, `image_name`, `file_path`, `title`, `description`, `promo_from`, `promo_to`, `status`, `created`, `uploaded_by`, `updated`, `modified_by`) VALUES
(18, 'BEARY IN LOVE.png', '../../uploads/promo/BEARY IN LOVE.png', 'BEARY IN LOVE', 'Check out our exciting local promotions at our Dunkin’ outlets! Enjoy exclusive deals on your favorite Dunkin’ doughnuts and beverages at our locations in Muntinlupa, Parañaque, Las Piñas, and Quezon province. Whether you\'re craving a classic glazed doughnut or a refreshing iced coffee, our promotions offer something for everyone. Visit our stores or our website to stay updated on the latest offers and indulge in delicious savings. Don\'t miss out—treat yourself today!', '2024-02-12', '2024-02-15', 'Posted', '2024-06-07 11:13:21.000000', '2', '2024-06-07 13:00:28.000000', '2'),
(19, 'EASTER MUNCHKIN DEAL.png', '../../uploads/promo/EASTER MUNCHKIN DEAL.png', 'EASTER MUNCHKIN DEAL', 'Check out our exciting local promotions at our Dunkin’ outlets! Enjoy exclusive deals on your favorite Dunkin’ doughnuts and beverages at our locations in Muntinlupa, Parañaque, Las Piñas, and Quezon province. Whether you\'re craving a classic glazed doughnut or a refreshing iced coffee, our promotions offer something for everyone. Visit our stores or our website to stay updated on the latest offers and indulge in delicious savings. Don\'t miss out—treat yourself today!', '2024-03-31', '2024-03-31', 'Posted', '2024-06-07 11:31:13.000000', '2', '2024-06-07 11:31:13.000000', '2'),
(20, 'SUMMER DELIGHT PROMO.png', '../../uploads/promo/SUMMER DELIGHT PROMO.png', 'SUMMER DELIGHT PROMO', 'heck out our exciting local promotions at our Dunkin’ outlets! Enjoy exclusive deals on your favorite Dunkin’ doughnuts and beverages at our locations in Muntinlupa, Parañaque, Las Piñas, and Quezon province. Whether you\'re craving a classic glazed doughnut or a refreshing iced coffee, our promotions offer something for everyone. Visit our stores or our website to stay updated on the latest offers and indulge in delicious savings. Don\'t miss out—treat yourself today!', '2024-04-26', '2024-05-31', 'Posted', '2024-06-07 11:32:04.000000', '2', '2024-06-07 11:57:04.000000', '2');

-- --------------------------------------------------------

--
-- Table structure for table `tbl_promo_hero`
--

CREATE TABLE `tbl_promo_hero` (
  `id` int(100) NOT NULL,
  `image_name` varchar(2000) NOT NULL,
  `file_path` varchar(1000) NOT NULL,
  `title` varchar(1000) NOT NULL,
  `status` enum('Published','Unpublish') NOT NULL,
  `created` datetime(6) NOT NULL DEFAULT current_timestamp(6),
  `uploaded_by` varchar(1000) NOT NULL,
  `updated` datetime(6) NOT NULL DEFAULT current_timestamp(6),
  `modified_by` varchar(1000) NOT NULL
) ENGINE=InnoDB DEFAULT CHARSET=latin1 COLLATE=latin1_swedish_ci;

--
-- Dumping data for table `tbl_promo_hero`
--

INSERT INTO `tbl_promo_hero` (`id`, `image_name`, `file_path`, `title`, `status`, `created`, `uploaded_by`, `updated`, `modified_by`) VALUES
(13, 'slide-1.jpg', '../../uploads/promo/slide-1.jpg', 'Hero Image 1', 'Published', '2024-06-06 17:40:14.000000', '2', '2024-06-06 17:40:14.000000', '2'),
(14, 'slide-2.jpg', '../../uploads/promo/slide-2.jpg', 'Hero Image 2', 'Published', '2024-06-07 09:01:13.000000', '2', '2024-06-07 09:01:13.000000', '2'),
(15, 'slide-3.jpg', '../../uploads/promo/slide-3.jpg', 'Hero Image 3', 'Published', '2024-06-07 09:01:26.000000', '2', '2024-06-07 09:01:26.000000', '2');

-- --------------------------------------------------------

--
-- Table structure for table `tbl_user`
--

CREATE TABLE `tbl_user` (
  `id` int(11) NOT NULL,
  `username` varchar(100) NOT NULL,
  `password` varchar(255) NOT NULL,
  `role` enum('admin','support','dev','marketing','hr','outlet') NOT NULL,
  `branch` varchar(100) DEFAULT NULL,
  `status` enum('Active','Inactive') NOT NULL DEFAULT 'Active',
  `created` datetime(6) DEFAULT current_timestamp(6),
  `updated` datetime(6) DEFAULT current_timestamp(6) ON UPDATE current_timestamp(6)
) ENGINE=InnoDB DEFAULT CHARSET=latin1 COLLATE=latin1_swedish_ci;

--
-- Dumping data for table `tbl_user`
--

INSERT INTO `tbl_user` (`id`, `username`, `password`, `role`, `branch`, `status`, `created`, `updated`) VALUES
(1, 'panda_admin', '$2y$10$aGvKw/BZNQQjkQVBlHdjHux3GGYPZsPWRDlmq5dBF09u0uq5UeVEi', 'admin', NULL, 'Active', '2024-05-28 09:56:25.291360', '2024-05-28 09:56:25.291360'),
(2, 'panda_dev', '$2y$10$eJ9Lu.WIdHdWUl6tww/.HuS7NkWACLfhBaAHPioNnXXRBlAAWBaya', 'dev', '', 'Active', '2024-05-28 11:00:32.708752', '2024-06-02 23:18:56.000000'),
(3, 'panda_support', '$2y$10$9CNWe.e9CEQHQHIZorhVNO3P086Eagu8rjsAEtHZyA05VoLGYwsZu', 'support', NULL, 'Active', '2024-06-02 12:39:12.719703', '2024-06-02 12:39:12.719703'),
(4, 'dunkin_festival', '$2y$10$TliaVHzDCVKY0msYkeov4.Od..kqnbVSO5PCgseu0r8deo4hl2jJO', 'outlet', 'FSI', 'Inactive', '2024-06-02 23:23:40.270748', '2024-06-03 13:13:16.000000'),
(5, 'dunkin_atc', '$2y$10$tDJrz.kE4jWIHxDjsvrkYeIuEeECWbL4b8SdiN4N4wZhGUhmjLBuy', 'outlet', 'ATC1', 'Inactive', '2024-06-02 23:25:36.628413', '2024-06-03 13:13:13.000000'),
(6, 'panda_hr', '$2y$10$6f1NC/JjTw8utMYF8RDBauMgjWt8rlTMR7xStEdVBvkqdmYq0C54u', 'hr', '', 'Active', '2024-06-03 13:11:09.749549', '2024-06-03 13:11:09.749549'),
(7, 'panda_marketing', '$2y$10$H/qMTN.Ob4jwhcwvuL2.ZuIdot8ROFmt/c5Hpi72C2wdinFyYnSdu', 'marketing', '', 'Active', '2024-06-03 13:24:57.300140', '2024-06-03 13:24:57.300140');

--
-- Indexes for dumped tables
--

--
-- Indexes for table `tbl_about_hero`
--
ALTER TABLE `tbl_about_hero`
  ADD PRIMARY KEY (`id`);

--
-- Indexes for table `tbl_activity`
--
ALTER TABLE `tbl_activity`
  ADD PRIMARY KEY (`id`);

--
-- Indexes for table `tbl_applicants`
--
ALTER TABLE `tbl_applicants`
  ADD PRIMARY KEY (`id`);

--
-- Indexes for table `tbl_careers_hero`
--
ALTER TABLE `tbl_careers_hero`
  ADD PRIMARY KEY (`id`);

--
-- Indexes for table `tbl_careers_wylwwu`
--
ALTER TABLE `tbl_careers_wylwwu`
  ADD PRIMARY KEY (`id`);

--
-- Indexes for table `tbl_home_hero`
--
ALTER TABLE `tbl_home_hero`
  ADD PRIMARY KEY (`id`);

--
-- Indexes for table `tbl_opportunities`
--
ALTER TABLE `tbl_opportunities`
  ADD PRIMARY KEY (`id`);

--
-- Indexes for table `tbl_outlet`
--
ALTER TABLE `tbl_outlet`
  ADD PRIMARY KEY (`id`);

--
-- Indexes for table `tbl_promo`
--
ALTER TABLE `tbl_promo`
  ADD PRIMARY KEY (`id`);

--
-- Indexes for table `tbl_promo_hero`
--
ALTER TABLE `tbl_promo_hero`
  ADD PRIMARY KEY (`id`);

--
-- Indexes for table `tbl_user`
--
ALTER TABLE `tbl_user`
  ADD PRIMARY KEY (`id`),
  ADD UNIQUE KEY `username` (`username`);

--
-- AUTO_INCREMENT for dumped tables
--

--
-- AUTO_INCREMENT for table `tbl_about_hero`
--
ALTER TABLE `tbl_about_hero`
  MODIFY `id` int(100) NOT NULL AUTO_INCREMENT, AUTO_INCREMENT=14;

--
-- AUTO_INCREMENT for table `tbl_activity`
--
ALTER TABLE `tbl_activity`
  MODIFY `id` int(100) NOT NULL AUTO_INCREMENT, AUTO_INCREMENT=94;

--
-- AUTO_INCREMENT for table `tbl_applicants`
--
ALTER TABLE `tbl_applicants`
  MODIFY `id` int(100) NOT NULL AUTO_INCREMENT, AUTO_INCREMENT=3;

--
-- AUTO_INCREMENT for table `tbl_careers_hero`
--
ALTER TABLE `tbl_careers_hero`
  MODIFY `id` int(100) NOT NULL AUTO_INCREMENT, AUTO_INCREMENT=15;

--
-- AUTO_INCREMENT for table `tbl_careers_wylwwu`
--
ALTER TABLE `tbl_careers_wylwwu`
  MODIFY `id` int(100) NOT NULL AUTO_INCREMENT, AUTO_INCREMENT=18;

--
-- AUTO_INCREMENT for table `tbl_home_hero`
--
ALTER TABLE `tbl_home_hero`
  MODIFY `id` int(100) NOT NULL AUTO_INCREMENT, AUTO_INCREMENT=13;

--
-- AUTO_INCREMENT for table `tbl_opportunities`
--
ALTER TABLE `tbl_opportunities`
  MODIFY `id` int(100) NOT NULL AUTO_INCREMENT, AUTO_INCREMENT=5;

--
-- AUTO_INCREMENT for table `tbl_outlet`
--
ALTER TABLE `tbl_outlet`
  MODIFY `id` int(100) NOT NULL AUTO_INCREMENT, AUTO_INCREMENT=8;

--
-- AUTO_INCREMENT for table `tbl_promo`
--
ALTER TABLE `tbl_promo`
  MODIFY `id` int(100) NOT NULL AUTO_INCREMENT, AUTO_INCREMENT=21;

--
-- AUTO_INCREMENT for table `tbl_promo_hero`
--
ALTER TABLE `tbl_promo_hero`
  MODIFY `id` int(100) NOT NULL AUTO_INCREMENT, AUTO_INCREMENT=16;

--
-- AUTO_INCREMENT for table `tbl_user`
--
ALTER TABLE `tbl_user`
  MODIFY `id` int(11) NOT NULL AUTO_INCREMENT, AUTO_INCREMENT=8;
COMMIT;

/*!40101 SET CHARACTER_SET_CLIENT=@OLD_CHARACTER_SET_CLIENT */;
/*!40101 SET CHARACTER_SET_RESULTS=@OLD_CHARACTER_SET_RESULTS */;
/*!40101 SET COLLATION_CONNECTION=@OLD_COLLATION_CONNECTION */;
